<?xml version="1.0" encoding="UTF-8"?>
<beans xmlns="http://www.springframework.org/schema/beans"
       xmlns:xsi="http://www.w3.org/2001/XMLSchema-instance" xmlns:mvc="http://www.springframework.org/schema/mvc"
       xmlns:context="http://www.springframework.org/schema/context"
       xmlns:mybatis="http://mybatis.org/schema/mybatis-spring" xmlns:tx="http://www.springframework.org/schema/tx"
       xsi:schemaLocation="http://www.springframework.org/schema/beans http://www.springframework.org/schema/beans/spring-beans.xsd http://www.springframework.org/schema/mvc http://www.springframework.org/schema/mvc/spring-mvc.xsd http://www.springframework.org/schema/context http://www.springframework.org/schema/context/spring-context.xsd http://mybatis.org/schema/mybatis-spring http://mybatis.org/schema/mybatis-spring.xsd http://www.springframework.org/schema/tx http://www.springframework.org/schema/tx/spring-tx.xsd">
       <mvc:annotation-driven />
       <mvc:resources location="/WEB-INF/resources/" mapping="/resources/**" />

       <context:component-scan base-package="koreatech.cse" />
       <context:property-placeholder location="classpath:config.properties" />

       <bean id="contentNegotiatingViewResolver" class="org.springframework.web.servlet.view.ContentNegotiatingViewResolver">
              <property name="viewResolvers">
                     <list>
                            <bean class="org.springframework.web.servlet.view.InternalResourceViewResolver">
                                   <property name="prefix" value="/WEB-INF/views/" />
                                   <property name="suffix" value=".jsp" />
                            </bean>
                     </list>
              </property>
       </bean>

       <bean id="dataSource" class="org.apache.commons.dbcp.BasicDataSource" destroy-method="close">
              <property name="driverClassName" value="${jdbc.driverClassName}" />
              <property name="url" value="${jdbc.url}" />
              <property name="username" value="${jdbc.username}" />
              <property name="password" value="${jdbc.password}" />
       </bean>

       <!-- MyBatis -->
       <mybatis:scan base-package="koreatech.cse.repository" />
       <bean id="sqlSessionFactory" class="org.mybatis.spring.SqlSessionFactoryBean">
              <property name="dataSource" ref="dataSource" />
              <property name="configLocation" value="classpath:mybatis.xml" />
       </bean>

    <tx:annotation-driven proxy-target-class="true" />
    <bean id="transactionManager" class="org.springframework.jdbc.datasource.DataSourceTransactionManager">
        <property name="dataSource" ref="dataSource" />
    </bean>


</beans>