<?xml version="1.0" encoding="UTF-8"?>
<beans xmlns="http://www.springframework.org/schema/beans" xmlns:xsi="http://www.w3.org/2001/XMLSchema-instance"
       xmlns:sec="http://www.springframework.org/schema/security"
       xsi:schemaLocation="
    http://www.springframework.org/schema/beans http://www.springframework.org/schema/beans/spring-beans.xsd
    http://www.springframework.org/schema/security http://www.springframework.org/schema/security/spring-security-3.2.xsd">

    <sec:global-method-security secured-annotations="enabled" pre-post-annotations="enabled" />
    <sec:http use-expressions="true">
        <sec:form-login login-page="/user/signin"
                        default-target-url="/user/signinSuccess"
                        username-parameter="j_username"
                        password-parameter="j_password"
                        login-processing-url="/j_spring_security_check"/>
        <sec:logout logout-url="/j_spring_security_logout"
                    logout-success-url="/" />
        <sec:intercept-url pattern="/user/onlyUserByXml" access="hasRole('ROLE_USER')" />
        <sec:intercept-url pattern="/user/onlyAdminByXml" access="hasRole('ROLE_ADMIN')" />
        <sec:intercept-url pattern="/**" access="permitAll" />
    </sec:http>

    <bean id="passwordEncoder" class="org.springframework.security.crypto.password.StandardPasswordEncoder" />
    <sec:authentication-manager>
        <sec:authentication-provider user-service-ref="userService">
            <sec:password-encoder ref="passwordEncoder" />
        </sec:authentication-provider>
    </sec:authentication-manager>
</beans>