<?xml version="1.0" encoding="UTF-8"?>
<beans xmlns="http://www.springframework.org/schema/beans"
       xmlns:xsi="http://www.w3.org/2001/XMLSchema-instance" xmlns:mvc="http://www.springframework.org/schema/mvc"
       xmlns:context="http://www.springframework.org/schema/context"
       xsi:schemaLocation="http://www.springframework.org/schema/beans http://www.springframework.org/schema/beans/spring-beans.xsd http://www.springframework.org/schema/mvc http://www.springframework.org/schema/mvc/spring-mvc.xsd http://www.springframework.org/schema/context http://www.springframework.org/schema/context/spring-context.xsd">
       <mvc:annotation-driven />
       <mvc:resources location="/WEB-INF/resources/" mapping="/resources/**" />

       <context:component-scan base-package="koreatech.cse" />
       <context:property-placeholder location="classpath:config.properties" />

       <bean id="contentNegotiatingViewResolver" class="org.springframework.web.servlet.view.ContentNegotiatingViewResolver">
              <property name="viewResolvers">
                     <list>
                            <bean class="org.springframework.web.servlet.view.InternalResourceViewResolver">
                                   <property name="prefix" value="/WEB-INF/views/" />
                                   <property name="suffix" value=".jsp" />
                            </bean>
                     </list>
              </property>
       </bean>
</beans>